#swingups,Uptime [s],RealAI Score
19.0,36.14400000001949,0.6024000000003248
