#swingups,Uptime [s],RealAI Score
15.0,46.176000000019535,0.7696000000003256
