#swingups,Uptime [s],RealAI Score
24.0,30.484000000013484,0.5080666666668914
