#swingups,Uptime [s],RealAI Score
17.0,43.79000000001993,0.7298333333336655
