Controller,Swingup Time,Energy,Max. Torque,Integrated Torque,Torque Cost,Torque Smoothness,Real AI Score,Username
ilqr_ilqrmpc_lqr,7.153999999999433,10.7911983487138,4.471239408989021,2.6147470758542855,2.338671762621539,0.07576386179112829,0.5548201317510222,fwiebe
ilqr_tvlqr,6.163999999999543,10.926980154689444,6.0,2.270418027538896,2.5074202629154856,0.09470313187263525,0.5442935543770113,fwiebe
