#swingups,Uptime [s],RealAI Score
22.0,28.418000000020022,0.47363333333366703
